id;street_address;postal_code;city;state_province
1;Intranet Ergonomic Concrete Soap Zambian Kwacha;Concrete Bedfordshire;Hammesmouth;Belize Dollar Sudanese Pound real-time
2;protocol;open-source HDD;Bodeport;Borders
3;olive Handcrafted Cotton Bacon Unbranded Fresh Pants;incubate;South Kobyfurt;implementation
4;Wallis and Futuna;generating;Bartellberg;Licensed Plastic Pants
5;Plastic South Georgia and the South Sandwich Islands;composite Orchestrator Club;Bechtelarville;relationships Philippine Peso
6;panel;Analyst card Licensed Cotton Ball;South Natalie;Ameliorated
7;Brand;infomediaries Som Rustic Frozen Keyboard;East Dax;Handmade Tuna
8;motivating Operations alarm;e-markets system;East Kennethborough;hack
9;leading-edge;Ergonomic Steel Gloves;Wuckertchester;Bridge
10;connect;Hollow Shoes systems;North Levi;invoice Gorgeous Cotton Chair Personal Loan Account
